{"cameraMode":{"drawMode":0,"name":"Shaded","section":"Shading Mode"},"sceneLighting":true,"audioPlay":false,"sceneViewState":{"m_AlwaysRefresh":false,"showFog":true,"showSkybox":true,"showFlares":true,"showImageEffects":true,"showParticleSystems":true,"showVisualEffectGraphs":true,"m_FxEnabled":true},"in2DMode":false,"pivot":{"x":9.136785507202149,"y":3.0915703773498537,"z":-2.4369640350341799},"rotation":{"x":0.15236032009124757,"y":0.023717163130640985,"z":-0.0036577696446329357,"w":0.9880377650260925},"size":17.201631546020509,"orthographic":false}